id,nom_theoreme,chapitre,expression_LaTeX
1,Théorème du rang,Algèbre Linéaire,"Soient $E$ et $F$ deux espaces vectoriels de dimension finie sur un corps $\mathbb{K}$. Soit $u \in \mathcal{L}(E, F)$ une application linéaire de $E$ dans $F$.
Alors :
$$\dim(E) = \dim(\ker(u)) + \text{rg}(u)$$
où $\ker(u)$ est le noyau de $u$ et $\text{rg}(u) = \dim(\text{im}(u))$ est le rang de $u$."
2,Théorème des valeurs intermédiaires,Analyse Réelle,"Soient $a, b \in \mathbb{R}$ tels que $a < b$. Soit $f : [a, b] \to \mathbb{R}$ une fonction continue sur le segment $[a, b]$.
Pour tout réel $y$ compris entre $f(a)$ et $f(b)$, il existe au moins un réel $c \in [a, b]$ tel que :
$$f(c) = y$$
Autrement dit, l'image d'un intervalle par une fonction continue est un intervalle."
3,Lemme des noyaux,Algèbre Linéaire,"Soient $E$ un espace vectoriel sur un corps $\mathbb{K}$ et $u \in \mathcal{L}(E)$ un endomorphisme de $E$. Soient $P_1, \dots, P_n \in \mathbb{K}[X]$ des polynômes deux à deux premiers entre eux. On note $P = \prod_{i=1}^n P_i$.
Alors :
$$\ker(P(u)) = \bigoplus_{i=1}^n \ker(P_i(u))$$
De plus, la projection sur $\ker(P_i(u))$ parallèlement à $\bigoplus_{j \neq i} \ker(P_j(u))$ est donnée par la restriction à $\ker(P(u))$ d'un polynôme en $u$."
4,Théorème de Fubini-Tonelli pour les suites,Analyse réelle,"Soit $(a_{n,p})_{(n,p) \in \mathbb{N}^2}$ une famille de réels positifs ou nuls.
Alors on a toujours l'égalité suivante dans $[0, +\infty]$ :
$$\sum_{n=0}^{\infty} \sum_{p=0}^{\infty} a_{n,p} = \sum_{p=0}^{\infty} \sum_{n=0}^{\infty} a_{n,p}$$"
5,Théorème de Fubini-Lebesgue pour les suites,Analyse réelle,"Soit $(a_{n,p})_{(n,p) \in \mathbb{N}^2}$ une famille de nombres complexes.
On suppose que la famille est sommable, c'est-à-dire que l'une des sommes itérées des modules converge :
$$\sum_{n=0}^{\infty} \sum_{p=0}^{\infty} |a_{n,p}| < +\infty$$
Alors les sommes itérées convergent absolument et on a l'égalité :
$$\sum_{n=0}^{\infty} \sum_{p=0}^{\infty} a_{n,p} = \sum_{p=0}^{\infty} \sum_{n=0}^{\infty} a_{n,p}$$"
6,Théorème de sommation L1,Intégration sur un intervalle quelconque,"Soit $\sum f_n$ une série de fonctions de $\mathcal{C}_{m}(I, \mathbb{C})$.
Supposons que :

1. $\sum f_n$ converge simplement vers $S \in \mathcal{C}_{m}(I, \mathbb{C})$.
2. Chaque $f_n$ est intégrable sur $I$.
3. $\sum \int_I |f_n| < +\infty$.
   Alors $S$ est intégrable sur $I$ et :
   $$\int_I \left( \sum_{n=0}^{\infty} f_n(t) \right) dt = \sum_{n=0}^{\infty} \int_I f_n(t) dt$$"
7,Théorème de continuité d'une intégrale à paramètre,Intégration sur un intervalle quelconque,"Soit $X\subset E$ un espace vectoriel normé de dimension finie et $I$ un intervalle de $\mathbb{R}$. Soit $f : X \times I \to \mathbb{C}$ telle que :

1. Pour tout $x \in X$, la fonction $t \mapsto f(x, t)$ est continue par morceaux sur $I$.
2. Pour tout $t \in I$, la fonction $x \mapsto f(x, t)$ est continue sur $X$.
3. Il existe $\varphi \in \mathcal{C}_{m}(I, \mathbb{R}^+)$ intégrable sur $I$ telle que pour tout $(x, t) \in X \times I$, $|f(x, t)| \le \varphi(t)$ (hypothèse de domination).

Alors la fonction $F : x \mapsto \int_I f(x, t) dt$ est définie et continue sur $X$."
8,Théorème de dérivation d'une intégrale à paramètre,Intégration sur un intervalle quelconque,"Soit $X$ un ouvert d'un espace vectoriel normé de dimension finie et $I$ un intervalle de $\mathbb{R}$. Soit $f : X \times I \to \mathbb{C}$ telle que :

1. Pour tout $x \in X$, la fonction $t \mapsto f(x, t)$ est continue par morceaux et intégrable sur $I$.
2. La fonction $f$ admet une dérivée partielle selon $x$, notée $\frac{\partial f}{\partial x}$, telle que :
   - Pour tout $x \in X$, $t \mapsto \frac{\partial f}{\partial x}(x, t)$ est continue par morceaux sur $I$.
   - Pour tout $t \in I$, $x \mapsto \frac{\partial f}{\partial x}(x, t)$ est continue sur $X$.
3. Il existe $\varphi \in \mathcal{C}_{m}(I, \mathbb{R}^+)$ intégrable sur $I$ telle que pour tout $(x, t) \in X \times I$, $|\frac{\partial f}{\partial x}(x, t)| \le \varphi(t)$ (hypothèse de domination).

Alors $F : x \mapsto \int_I f(x, t) dt$ est de classe $\mathcal{C}^1$ sur $X$ et :
$$F'(x) = \int_I \frac{\partial f}{\partial x}(x, t) dt$$"
9,Théorème de convergence dominée,Intégration sur un intervalle quelconque,"Soit $(f_n)_{n \in \mathbb{N}}$ une suite de fonctions $\mathcal{C}_{m}(I, \mathbb{C})$ où $I$ est un intervalle de $\mathbb{R}$.
Supposons que :

1. La suite $(f_n)$ converge simplement sur $I$ vers une fonction $f$ continue par morceaux sur $I$.
2. Il existe $\varphi \in \mathcal{C}_{m}(I, \mathbb{R}^+)$ intégrable sur $I$ telle que pour tout $n \in \mathbb{N}$ et tout $x \in I$, $|f_n(x)| \le \varphi(x)$.

Alors $f$ et les $f_n$ sont intégrables sur $I$ et :
$$\lim_{n \to \infty} \int_I f_n(t) dt = \int_I f(t) dt$$"
10,Suite de Cauchy,Analyse réelle,"Soit $(E, d)$ un espace métrique. Une suite $(u_n)_{n \in \mathbb{N}}$ d'éléments de $E$ est dite de Cauchy si :
$$\forall \varepsilon > 0, \exists N \in \mathbb{N}, \forall p, q \ge N, d(u_p, u_q) < \varepsilon$$"
11,Composition de fonctions convexes,Analyse réelle,"Soient $I$ et $J$ deux intervalles de $\mathbb{R}$. Soit $f : I \to J$ et $g : J \to \mathbb{R}$ deux fonctions.
Si $f$ est convexe, $g$ est convexe et $g$ est croissante, alors $g \circ f$ est convexe sur $I$."
12,Inégalité des pentes,Analyse réelle,"Soit $I$ un intervalle de $\mathbb{R}$ et $f : I \to \mathbb{R}$ une fonction convexe. Soient $a, b, c \in I$ tels que $a < b < c$.
Alors :
$$\frac{f(b)-f(a)}{b-a} \le \frac{f(c)-f(a)}{c-a} \le \frac{f(c)-f(b)}{c-b}$$
Autrement dit, la fonction taux d'accroissement $T_f : (x, y) \mapsto \frac{f(y)-f(x)}{y-x}$ définie sur $\{(x, y) \in I^2, x \neq y\}$ est croissante par rapport à chacune de ses variables."
13,Théorème de Bolzano-Weierstrass,Analyse réelle,"Toute suite bornée de réels (ou d'éléments de $\mathbb{R}^n$) admet au moins une valeur d'adhérence. Autrement dit, on peut en extraire une sous-suite convergente."
14,Théorème de la limite monotone,Analyse réelle,"Soit $f : ]a, b[ \to \mathbb{R}$ une fonction croissante.

1. Si $f$ est majorée, alors $f$ admet une limite finie en $b^-$.
2. Sinon, $\lim_{x \to b^-} f(x) = +\infty$.

De même pour la limite en $a^+$."
15,Théorème du point fixe de Banach,Analyse réelle,"Soit $(E, d)$ un espace métrique complet non vide. Soit $f : E \to E$ une application contractante, c'est-à-dire qu'il existe $k \in [0, 1[$ tel que :
$$\forall x, y \in E, d(f(x), f(y)) \le k d(x, y)$$
Alors :

1. $f$ admet un unique point fixe $x^* \in E$ (tel que $f(x^*) = x^*$).
2. Pour tout point de départ $u_0 \in E$, la suite $(u_n)_{n \in \mathbb{N}}$ définie par $u_{n+1} = f(u_n)$ converge vers $x^*$.
3. On a l'estimation de la vitesse de convergence suivante : $d(u_n, x^*) \le \frac{k^n}{1-k} d(u_1, u_0)$."
16,Dérivée de la fonction réciproque,Analyse réelle,"Soit $f : A \to B$ une bijection dérivable sur $A$. Soit $a \in A$.
Si $f'(a) \neq 0$ et si $f^{-1}$ est continue en $b = f(a)$, alors $f^{-1}$ est dérivable en $b$ et :
$$(f^{-1})'(b) = \frac{1}{f'(a)} = \frac{1}{f'(f^{-1}(b))}$$"
17,Formule de Taylor-Young,Analyse réelle,"Soit $f \in \mathcal{C}^n(I, E)$ où $E$ est un espace vectoriel normé de dimension finie. Soit $a \in I$.
Alors, au voisinage de $h=0$ tel que $a+h \in I$ :
$$f(a+h) = \sum_{k=0}^n \frac{f^{(k)}(a)}{k!} h^k + o(h^n)$$"
18,Inégalité de Taylor-Lagrange,Analyse réelle,"Soit $f \in \mathcal{C}^n([a, b], E)$ telle que $f^{(n)}$ soit dérivable sur $]a, b[$.
Alors :
$$\left\| f(b) - \sum_{k=0}^n \frac{f^{(k)}(a)}{k!} (b-a)^k \right\| \le \frac{(b-a)^{n+1}}{(n+1)!} \sup_{t \in ]a, b[} \|f^{(n+1)}(t)\|$$"
19,Formule de Taylor avec reste intégral,Analyse réelle,"Soit $f \in \mathcal{C}^{n+1}(I, E)$. Soient $a, b \in I$.
Alors :
$$f(b) = \sum_{k=0}^n \frac{f^{(k)}(a)}{k!} (b-a)^k + \int_a^b \frac{(b-t)^n}{n!} f^{(n+1)}(t) dt$$"
20,Sinus de la somme,Analyse complexe,"Soient $a, b \in \mathbb{C}$. On a :
$$\sin(a+b) = \sin(a)\cos(b) + \cos(a)\sin(b)$$
En particulier, pour $b=a$ :
$$\sin(2a) = 2\sin(a)\cos(a)$$"
21,Cosinus de la somme,Analyse complexe,"Soient $a, b \in \mathbb{C}$. On a :
$$\cos(a+b) = \cos(a)\cos(b) - \sin(a)\sin(b)$$
En particulier, pour $b=a$ :
$$\cos(2a) = \cos^2(a) - \sin^2(a)$$"
22,Règle de D'Alembert,Analyse complexe,"Soit $\sum a_n z^n$ une série entière avec $a_n \neq 0$ pour $n$ assez grand.
Si $\lim_{n \to \infty} \left|\frac{a_{n+1}}{a_n}\right| = \ell \in [0, +\infty]$, alors le rayon de convergence $R$ de la série est :
$$R = \frac{1}{\ell}$$
(avec la convention $1/0 = +\infty$ et $1/\infty = 0$)."
23,Règle de Cauchy,Analyse complexe,"Soit $\sum a_n z^n$ une série entière.
Si $\lim_{n \to \infty} |a_n|^{1/n} = \ell \in [0, +\infty]$, alors le rayon de convergence $R$ de la série est :
$$R = \frac{1}{\ell}$$
(avec la convention $1/0 = +\infty$ et $1/\infty = 0$)."
24,Formule de Cauchy,Analyse complexe,"Soit $U$ un ouvert étoilé de $\mathbb{C}$ et $f : U \to \mathbb{C}$ holomorphe. Alors :
- $f$ admet une primitive sur $U$ ;
- si $\gamma$ est un lacet $\mathcal{C}^1$ par morceaux et à valeurs dans $U$, alors $\int_{\gamma} f(z) dz = 0$ ;
- si de plus $z \in U \setminus \text{Im}(\gamma)$, alors $f(z) \text{Ind}_{\gamma}(z) = \frac{1}{2i\pi} \int_{\gamma} \frac{f(w)}{w-z} dw$."
25,Théorème de Liouville,Analyse complexe,"Toute fonction holomorphe sur $\mathbb{C}$ bornée est constante."
26,Théorème fondamental de l'algèbre (D'Alembert-Gauss),Analyse complexe,"Toute fonction polynomiale non constante à coefficients complexes admet au moins une racine complexe."
